id,category,source,url,reference_summary,who,done
b001,politics,www.cnn.com,https://www.cnn.com/2026/04/30/politics/dhs-shutdown-funding-bill-house-vote,"Congress ended the record 75-day shutdown of the Department of Homeland Security on April 30, 2026, after Speaker Mike Johnson conceded in a months-long standoff and passed a Senate-backed funding bill by voice vote. The legislation restored funding for agencies including TSA and FEMA but excluded money for ICE and CBP — a major win for Democrats. Johnson had resisted the bill for weeks as conservative hardliners insisted immigration enforcement funding be included, but pressure from centrist Republicans and a looming recess forced his hand. Republicans plan to fund ICE and CBP separately through budget reconciliation. President Trump signed the bill shortly after passage.",KE,Yes
b002,politics,www.cnn.com,https://www.cnn.com/2026/04/30/politics/congress-gop-dysfunction-johnson,"A CNN analysis published April 30, 2026, describes how Speaker Mike Johnson has effectively lost a functional House majority amid endemic GOP infighting. In a single chaotic week, House leaders held multiple floor votes open for hours, pulled and reinstated the farm bill, narrowly passed a FISA reauthorization with a controversial digital currency rider, and finally capitulated on DHS funding. Johnson faces resistance from hardliners willing to block Trump's own priorities alongside a growing bloc of centrists who are publicly airing frustrations. With poor polling on the Iran war and spiking gas prices, Republicans face worsening conditions ahead of the 2026 midterms. Rep. Kevin Kiley called the 75-day DHS shutdown ""a stunning testament to congressional dysfunction.""

",KE,Yes
b003,politics,www.cnn.com,https://www.cnn.com/2026/04/30/politics/janet-mills-maine-senate,"Maine Governor Janet Mills suspended her Senate campaign on April 30, 2026, citing insufficient financial resources, effectively ceding the Democratic primary to progressive challenger Graham Platner. Mills, a two-term governor recruited by Senate Minority Leader Chuck Schumer, struggled to match Platner in fundraising — he raised $4.1 million to her $2.7 million in the most recent quarter — and trailed badly in polling, losing 64% to 26% in a February University of New Hampshire survey. Platner, a 41-year-old oyster farmer and military veteran endorsed by Sen. Bernie Sanders, now faces Republican Sen. Susan Collins in the general election. Collins is the only Republican senator representing a state Trump lost in 2024, making the race a top Democratic target. Mills did not immediately endorse Platner.",KE,Yes
b004,politics,www.cnn.com,https://www.cnn.com/2026/04/29/politics/james-comey-indictment-trump,"CNN's April 29, 2026, analysis examines the legal fragility of the second federal indictment of former FBI Director James Comey, charged with threatening President Trump by posting a beach photo of seashells arranged to spell ""86 47."" The piece argues the case faces steep hurdles: the phrase ""86"" has multiple slang meanings, dozens of other political figures including pro-Trump influencer Jack Posobiec have used the same expression without prosecution, and under Supreme Court precedent the government must prove Comey knew the post would be perceived as a threat. Critics call it selective prosecution. Acting Attorney General Todd Blanche held a press conference but offered no direct evidence of intent. The analysis notes the irony that an administration that has normalized inflammatory political rhetoric is now prosecuting someone for ambiguous imagery.",KE,Yes
b005,politics,www.cnn.com,https://www.cnn.com/2026/04/28/politics/trump-desantis-redistricting-gerrymander-florida-analysis,"CNN's April 28, 2026, analysis covers Florida Gov. Ron DeSantis's proposal for a mid-decade congressional redistricting that would reduce Democratic representation from eight to four seats, creating a 24-4 Republican-leaning map. The article frames this as the final major move in a national gerrymandering arms race set off by Trump. Democrats, led by House Minority Leader Hakeem Jeffries, vow legal challenges and call it a ""dummymander"" that could backfire given strong recent Democratic performances in Florida special elections. The analysis notes the broader contest: Republican states have redistricted toward roughly 13 GOP seat advantages while Democratic states have countered with approximately 10 Democratic gains. DeSantis's move could tip the balance back to Republicans before the November midterms.",KE,Yes
b006,politics,www.cnn.com,https://www.cnn.com/2026/04/25/politics/war-powers-act-trump-iran-war-congress-analysis,"CNN's April 25, 2026, analysis explains how the 1973 War Powers Resolution puts a 60-day deadline on the Iran war, which Trump launched without congressional authorization on February 28. The administration argues the ceasefire that began April 7 has ""paused"" or ""terminated"" the clock, allowing continued military pressure through a naval blockade without seeking congressional approval. Defense Secretary Pete Hegseth told senators the ceasefire stops the countdown. Sen. Susan Collins disagrees, insisting the 60-day constitutional obligation remains. The piece notes that no president has ever been successfully constrained by the War Powers Resolution, and courts have consistently avoided ruling on it. However, multiple Republican senators have signaled the deadline could mark a turning point for their support.",KE,Yes
b007,politics,www.cnn.com,https://www.cnn.com/2026/04/30/politics/supreme-court-decision-gerrymandering-scramble,"CNN reports that the Supreme Court's 6-3 ruling in Callais v. Louisiana on April 29, 2026, gutted Section 2 of the Voting Rights Act, requiring proof of intentional discrimination rather than just discriminatory effect. The decision immediately triggered a redistricting scramble across multiple states. Louisiana was ordered to redraw its congressional map, pausing its May 16 primaries. Tennessee Republicans face pressure to call a special session to eliminate the state's only Democratic congressman, Rep. Steve Cohen. Georgia, South Carolina, and Alabama are also eyeing changes. Justice Samuel Alito's majority opinion allows states to invoke partisan gerrymandering as a defense in VRA challenges. Voting rights groups warn the ruling has left the law ""a hollow shell.""",KE,Yes
b008,politics,www.cnn.com,https://www.cnn.com/2026/04/30/politics/new-video-moments-before-shooting-press-dinner,"Prosecutors filed new evidence on April 30, 2026, including surveillance footage showing suspect Cole Tomas Allen, 31, casing the Washington Hilton Hotel the day before the shooting at the White House Correspondents' Dinner. The video shows Allen wandering hotel hallways, then rushing through a security checkpoint with a shotgun as an officer's dog patrolled nearby. DC US Attorney Jeanine Pirro confirmed the footage shows Allen firing at a Secret Service officer — directly contradicting friendly-fire speculation. Allen faces charges including attempted assassination of the president and has been ordered held without bail pending trial. Prosecutors say Allen wrote a ""manifesto"" targeting Trump administration officials and traveled from Los Angeles by train to carry out the attack.",KE,Yes
b009,politics,www.cnn.com,https://www.cnn.com/2026/05/01/politics/iran-war-60-day-deadline-congress,"Prosecutors filed new evidence on April 30, 2026, including surveillance footage showing suspect Cole Tomas Allen, 31, casing the Washington Hilton Hotel the day before the shooting at the White House Correspondents' Dinner. The video shows Allen wandering hotel hallways, then rushing through a security checkpoint with a shotgun as an officer's dog patrolled nearby. DC US Attorney Jeanine Pirro confirmed the footage shows Allen firing at a Secret Service officer — directly contradicting friendly-fire speculation. Allen faces charges including attempted assassination of the president and has been ordered held without bail pending trial. Prosecutors say Allen wrote a ""manifesto"" targeting Trump administration officials and traveled from Los Angeles by train to carry out the attack.",KE,Yes
b010,politics,abcnews.com,https://abcnews.com/US/nebraska-1st-state-implement-medicaid-work-requirements/story?id=132529215,"Nebraska became the first state to enforce Medicaid work requirements on May 1, 2026, launching the policy eight months ahead of the January 2027 federal deadline set by the One Big Beautiful Bill Act. The requirements apply to approximately 70,000 Medicaid expansion enrollees ages 19–64, who must demonstrate at least 80 hours of work, community service, or school enrollment per month, or earn at least $580 monthly. The Urban Institute estimates around 25,000 Nebraskans could lose coverage under the policy. Health advocates and legal experts criticized the rollout as rushed, citing a compressed notification timeline, an unresolved federal definition of ""medically frail"" as an exemption category, and inadequate state staffing. Gov. Jim Pillen defended the early launch as promoting self-sufficiency, noting the state's 3.1% unemployment rate. Three additional states — Iowa, Montana, and a third — plan to implement requirements before year-end.",KE,Yes
b011,politics,abcnews.com,https://abcnews.com/Politics/states-redraw-congressional-maps-2026-2028-after-supreme/story?id=132571431,"ABC News analyzes the redistricting fallout from the Supreme Court's Callais v. Louisiana ruling, which severely weakened Section 2 of the Voting Rights Act. Because most states have already passed candidate filing deadlines for November's midterms, the immediate 2026 impact is limited. Georgia Gov. Brian Kemp confirmed he will not suspend the state's May 19 primary but said new maps will be required for 2028. South Carolina Republicans have discussed eliminating the state's one Democratic-held seat, though some lawmakers are skeptical of acting before 2026. One Republican redistricting operative told ABC News that as many as 70 seats could be redrawn nationally by 2028. House Minority Leader Hakeem Jeffries pledged Democratic counter-efforts in New York, Illinois, Maryland, and Colorado for 2028. Based on mid-decade redistricting already completed, Republicans are currently favored to gain 13 districts across five states versus Democrats' gains of 10 across three.",KE,Yes
b012,politics,abcnews.com,https://abcnews.com/Politics/house-approves-bill-fund-dhs/story?id=132541961,"The House passed the Senate-backed DHS funding bill by voice vote on April 30, 2026, with President Trump signing it the same day, ending the longest agency shutdown in history after 76 days. The legislation restores funding for TSA, FEMA, the Coast Guard, the Secret Service, and CISA, but explicitly excludes ICE and parts of CBP. Speaker Johnson had previously called the Senate bill a ""joke"" and resisted it for weeks, but ultimately reversed course under pressure from centrist Republicans, DHS Secretary Markwayne Mullin's warnings that emergency funds were nearly exhausted, and a looming congressional recess. More than 1,000 TSA officers had quit during the shutdown. Republicans are now pursuing ICE and CBP funding through budget reconciliation, with a June 1 deadline set by Trump. The shutdown originally began amid Democratic demands for ICE reforms following the fatal shooting of two U.S. citizens by federal agents in Minneapolis.",KE,Yes
b013,politics,abcnews.com,https://abcnews.com/Politics/trump-announces-25-tariff-cars-trucks-eu/story?id=132576722,"President Trump announced on May 1, 2026, via Truth Social that he would impose a 25% tariff on European Union cars and trucks ""next week,"" accusing the EU of failing to comply with a July 2025 bilateral trade deal that had set tariffs at 15%. Trump appeared to invoke Section 232 authority, which allows the executive to adjust imports threatening national security, though the White House did not specify the legal basis in the announcement. The announcement puts the July 2025 trade agreement in jeopardy; the EU had already postponed a ratification vote over earlier tariff changes. The move comes in a complicated legal context — the Supreme Court struck down Trump's IEEPA-based tariffs in February, after which Trump replaced them with a 10% global tariff under Section 122 of the Trade Act of 1974, later raised to 15%. Trump claimed over $100 billion in U.S. manufacturing investment was underway, and offered a zero-tariff carveout for EU automakers who produce vehicles in American plants.",KE,Yes
b014,politics,abcnews.com,https://abcnews.com/Politics/60-day-war-powers-deadline-falls-friday-happen/story?id=132554486,"ABC News reports on the May 1, 2026, expiration of the 60-day War Powers Resolution deadline for the Iran war, which began February 28. The Trump administration argued the ceasefire that took effect April 7 paused or terminated the clock, allowing the president to bypass the requirement to seek congressional authorization. Defense Secretary Pete Hegseth called congressional dissenters ""defeatists from the cheap seats."" Congress departed for a weeklong recess without taking action. The Senate rejected a Democratic war powers resolution for the sixth time by a vote of 50–47, with Sen. Susan Collins crossing party lines for the first time. Some Republicans are now interpreting the law's 30-day troop-withdrawal extension as providing Trump additional time, despite that provision being intended for safe withdrawal of forces. More Democratic war powers attempts are expected after the recess, and there is limited but growing Republican appetite for an authorization for the use of military force (AUMF).",KE,Yes
b015,politics,abcnews.com,https://abcnews.com/Politics/house-passes-3-year-fisa-reauthorization-face-challenges/story?id=132516696,"The House voted 235–191 on April 29, 2026, to pass a three-year reauthorization of Section 702 of the Foreign Intelligence Surveillance Act, the warrantless surveillance authority set to expire April 30. To secure conservative votes, House leadership attached a ban on the Federal Reserve issuing a central bank digital currency (CBDC) — a provision Senate Majority Leader Thune immediately called a ""poison pill"" and ""dead on arrival"" in the upper chamber. The Senate instead advanced a clean 45-day extension to buy time for negotiations, which both chambers ultimately passed and sent to Trump for signature, preventing a lapse. The House bill included modest reforms — additional civil liberties oversight, increased criminal penalties for misuse, and broader congressional access to FISA court proceedings — but critics argued it failed to address the core warrant debate for queries on Americans' communications.",KE,Yes
b016,politics,abcnews.com,https://abcnews.com/Politics/louisianas-congressional-primaries-delayed-light-scotus-map-decision/story?id=132535661,"Louisiana Governor Jeff Landry and Attorney General Liz Murrill announced April 30, 2026, that the state's May 16 congressional House primaries would be suspended after the Supreme Court struck down Louisiana's existing congressional map as an unconstitutional racial gerrymander. Because the court's stay over the map automatically terminated with the ruling, Louisiana is legally prohibited from using the current map for any election. Absentee ballots had already been mailed and some votes likely cast. The legislature, in session until June 1, will redraw new maps; a new primary is targeted for July 15. Attorney General Murrill filed with the Supreme Court seeking further guidance. Prominent Democratic election attorney Marc Elias filed a legal challenge to Landry's suspension order. The Senate primary, including incumbent Sen. Bill Cassidy vs. Rep. Julia Letlow (Trump-endorsed), continues as scheduled. Trump praised Landry for ""moving so quickly.""",KE,Yes
b017,politics,abcnews.com,https://abcnews.com/Politics/trump-doubles-86-mob-term-murder-after-comey/story?id=132526395,"Following former FBI Director James Comey's April 29, 2026, federal indictment and April 30 court appearance in the Eastern District of Virginia, President Trump posted on social media doubling down on his claim that ""86"" is a ""mob term for 'kill him,'"" insisting the beach seashell photo Comey posted on Instagram reading ""86 47"" was an explicit threat against him. Trump added the phrase ""EIGHT MILES OUT, SIX FEET DOWN"" as his own interpretation of the numbers and called Comey a ""Dirty Cop."" Comey self-surrendered, did not enter a plea, and faces two charges: threatening the president and transmitting a threat in interstate commerce, each carrying up to 10 years. Despite his inflammatory social media posts, Trump hedged when asked directly whether he believed his life was in danger, saying ""Probably, I don't know."" Merriam-Webster and American Heritage both define ""86"" primarily as a term meaning to refuse service or remove someone, not as a threat of violence.",KE,Yes
b018,politics,abcnews.com,https://abcnews.com/Politics/house-republicans-narrowly-approve-blueprint-fund-ice-cbp/story?id=132534420,"House Republicans narrowly passed a budget resolution 215–211 on April 29, 2026, providing the framework needed to fund ICE and CBP through the remainder of Trump's term via budget reconciliation — a party-line process that bypasses the Senate filibuster. The vote was held open for more than five hours as Speaker Johnson worked to secure reluctant holdouts; one Republican voted present. The resolution was a prerequisite Johnson had set before moving the broader DHS funding bill. Republicans plan to use the reconciliation process to deliver approximately $70 billion for immigration enforcement agencies, meeting Trump's June 1 deadline. Several conservatives had previously blocked the measure, insisting on coupling ICE and CBP funding with additional policy riders such as the SAVE Act voter identification legislation. The resolution does not itself provide funds — it is the first step in a weeks-long legislative process to produce the final reconciliation bill.






",KE,Yes
b019,politics,abcnews.com,https://abcnews.com/Politics/maine-gov-janet-mills-suspends-us-senate-campaign/story?id=132531832,"Maine Governor Janet Mills announced on April 30, 2026, that she is suspending her U.S. Senate campaign, citing an inability to match her primary opponent's fundraising. Mills had been recruited by Senate Minority Leader Chuck Schumer, who viewed the two-term governor as Democrats' strongest candidate to unseat Republican Sen. Susan Collins. However, Mills was consistently outpaced by progressive challenger Graham Platner — an oyster farmer and military veteran who raised roughly $1.4 million more than Mills in Q1, holds approximately $1.7 million more cash on hand, and led her by a wide margin in polls. The announcement came one day before the Maine Democratic Convention and five weeks before the June 9 primary, effectively clearing the Democratic field for Platner. Mills did not immediately endorse Platner in her statement. Platner, who has the backing of Sen. Bernie Sanders, now faces Collins — who is seeking a sixth term in a state Trump lost by 7 points in 2024 — as the likely Democratic nominee. The race is considered one of Democrats' top targets in their push to retake the Senate majority.",KE,Yes
b020,politics,www.npr.org,https://www.npr.org/2026/04/30/nx-s1-5380988/dhs-shutdown-tsa-funding-ice,"NPR's April 30, 2026, report covers the end of the 75-day DHS shutdown after the House passed, and Trump signed, a funding bill that restored most agency operations — including TSA, FEMA, the Coast Guard and the Secret Service — but excluded new money for ICE and CBP. House Speaker Johnson had resisted the Senate-passed bill for weeks before centrist pressure and a pre-recess deadline forced the vote. Republicans now plan to fund ICE and CBP through budget reconciliation, a party-line process. The shutdown had caused historic airport delays, a backlog of merchant mariner credentials, unpaid utility bills at Coast Guard stations, and warnings from DHS Secretary Markwayne Mullin that the agency was running out of money.",KE,Yes
b021,politics,www.npr.org,https://www.npr.org/2026/04/29/nx-s1-5380205/supreme-court-voting-rights-act-louisiana-redistricting,"NPR's April 29, 2026, report covers the Supreme Court's 6-3 ruling in Callais v. Louisiana, which reinterpreted Section 2 of the Voting Rights Act to require proof of intentional racial discrimination rather than discriminatory effect alone. Justice Samuel Alito wrote for the majority that Louisiana's second majority-Black congressional district constituted an unconstitutional racial gerrymander. The ruling is the latest in a series of decisions that have systematically weakened the landmark 1965 civil rights law. Election law expert Rick Hasen called it ""one of the most important and most pernicious decisions of the Supreme Court in the last century."" The state must now redraw its congressional map, and Louisiana has already suspended its May 16 primary elections. Republicans in Tennessee, Georgia, and Alabama quickly called for redistricting to capitalize on the ruling.",KE,Yes
b022,politics,www.npr.org,https://www.npr.org/2026/05/01/nx-s1-5806260/trump-medicaid-work-requirements-nebraska-big-beautiful-bill-hr1-obbba,"Nebraska became the first state on May 1, 2026, to enforce Medicaid work requirements mandated under the One Big Beautiful Bill Act that Trump signed in July 2025. Under the program, able-bodied adults ages 19–64 enrolled in Medicaid expansion must work, train, or attend school for at least 80 hours per month, or earn $580 monthly. Nebraska launched the program eight months ahead of the federally mandated 2027 deadline. The Urban Institute estimates around 25,000 Nebraskans could lose coverage. Health advocates, hospitals, and patients expressed deep concern about the rollout, citing confusion over notification letters, limited exemptions for medical conditions, and fears about health coverage gaps. The state has about 72,000 residents subject to the policy.",KE,Yes
b023,politics,www.npr.org,https://www.npr.org/2026/05/01/nx-s1-5805805/may-day-protests-boycott-schools-trump,"Thousands of demonstrators turned out across the United States on May 1, 2026, for ""May Day Strong"" protests organized by more than 500 labor unions, student groups, and community organizations. Organizers, including the National Education Association with 3 million members, called for a boycott of work, school, and shopping to protest Trump administration policies and what they described as a billionaire takeover of government. The protests followed the nationally prominent ""No Kings"" demonstrations earlier in 2026. Over 100,000 students were expected to miss school, per the Sunrise Movement. In North Carolina alone, some 20 school districts closed due to anticipated staff absences. Cities including Boston, New York, Washington DC, Chicago, Los Angeles, and Seattle all held events.",KE,Yes
b024,politics,www.npr.org,https://www.npr.org/2026/05/01/nx-s1-5807098/myanmar-suu-kyi-house-arrest,"State television in Myanmar announced on May 1, 2026, that deposed opposition leader Aung San Suu Kyi, 80, had been transferred from prison to house arrest — the first news of her in years — as part of a Buddhist holiday prisoner amnesty. The transfer came under orders from President Min Aung Hlaing, the military general who led the 2021 coup against Suu Kyi's elected government. The location of her new residence was not disclosed. The announcement included a photograph of Suu Kyi — the first public image of her since shortly after the coup. Her son Kim Aris called the move a ""calculated gesture"" and noted he still had no confirmed information about her wellbeing. Analysts say the move reflects Min Aung Hlaing's desire to improve Myanmar's diplomatic standing with ASEAN and China following his installation as civilian president after a widely discredited election in April.",KE,Yes
b025,politics,www.npr.org,https://www.npr.org/2026/05/01/nx-s1-5807081/prosecutors-release-video-of-armed-man-storming-correspondents-dinner,"Federal prosecutors released surveillance video on May 1, 2026, showing Cole Tomas Allen, a 31-year-old teacher from Torrance, California, sprinting through a security checkpoint with a shotgun at the Washington Hilton hotel during the White House Correspondents' Dinner on April 25. DC US Attorney Jeanine Pirro posted the video, confirming Allen fired at a Secret Service officer and that there is no evidence of friendly fire striking the agent. Earlier footage shows Allen casing the hotel the day before the attack. Prosecutors say Allen wrote a ""manifesto"" describing himself as a ""Friendly Federal Assassin"" and planned to target Trump administration officials from highest-ranking to lowest. Allen was charged with attempted assassination of the president. His defense team argues the government's case relies on speculation about intent.",KE,Yes
b026,politics,apnews.com,https://apnews.com/article/cuba-may-1-power-workers-outages-union-petroleum-9ecb9f1c31357cb0b599869d3c49d31b,"Tens of thousands of Cubans marched along Havana's Malecón seawall on May 1, 2026, honoring the country's Electric Union and petroleum workers, who have been working around the clock as the island's power grid continues to deteriorate. Cuba's energy crisis worsened after the U.S. energy blockade cut off fuel supplies during the Iran war. Officials said the government was distributing only 800 of the 1,600 daily tons of fuel needed, with Russian oil expected to run out by end of April. Some petroleum was converted to diesel and fuel oil to power hospitals and generators. Cuba's energy minister warned the priority was keeping thermoelectric plants running on domestic crude. The May Day rally, attended by former President Raúl Castro, was framed around national solidarity in the face of U.S. sanctions and the fuel shortage.",KE,Yes
b027,politics,apnews.com,https://apnews.com/article/onion-infowars-takeover-alex-jones-4971bd1a33c5a88857e073ee02fe5f8e,"The Onion's plan to take over Alex Jones's Infowars media platforms and convert them into parody sites was thrown into legal limbo on April 30, 2026, after the Texas Third Court of Appeals granted Jones's lawyers an emergency stay blocking the transfer of any Infowars assets to a state-appointed receiver. The Onion had hoped to license the Infowars brand and use proceeds to pay Sandy Hook victims' families, who hold over $1.3 billion in defamation judgments against Jones for calling the 2012 school shooting a hoax. Sandy Hook families' attorneys immediately appealed to the Texas Supreme Court, which had not ruled before a scheduled lower-court hearing. The hearing was reduced to a status conference, with the next date set for May 28. Jones declared the appeals court ruling a victory and confirmed he is building a new studio and media operation outside of Infowars.",KE,Yes
b028,politics,apnews.com,https://apnews.com/article/retirement-plan-matching-contribution-401k-trump-employers-e46469b15f1cb4af025bddb2e0363734,"President Trump signed an executive order on April 30, 2026, directing the creation of a new government website — TrumpIRA.gov — to help workers whose employers do not offer retirement plans find and compare private-sector IRA accounts. The order is intended to connect more lower-income workers to the federal Saver's Match program, which starts in 2027 and will offer matching contributions of up to $1,000 for single filers earning less than $35,500 a year, and up to $2,000 for qualifying married couples. The Saver's Match provision originated from the 2022 SECURE 2.0 Act passed under President Biden. Trump noted at the signing that roughly half of American workers lack access to employer-sponsored retirement plans with matching contributions. He also called on Congress to expand eligibility beyond the current income threshold.",KE,Yes
b029,politics,apnews.com,https://apnews.com/article/trump-war-powers-pentagon-iran-422311a4443b987af87cd4ca35d54f48,"As the War Powers Resolution's 60-day deadline arrived on May 1, 2026, the Trump administration argued the Iran war had already ""terminated"" due to the ceasefire that began April 7, eliminating any obligation to seek congressional authorization. A senior official said hostilities that began February 28 had ended because no shots had been exchanged between U.S. and Iranian forces since April 7. Defense Secretary Pete Hegseth had previewed the argument in Senate testimony Thursday, claiming the ceasefire ""pauses or stops"" the clock. Legal experts called the interpretation unprecedented, noting the law's text contains no provision for pausing the 60-day deadline during a ceasefire, especially while the U.S. maintains a naval blockade that Iran considers an act of war. Congressional Republicans largely deferred to the White House, with the Senate already having rejected six Democratic war powers resolutions to end the conflict.",KE,Yes
b030,politics,apnews.com,https://apnews.com/article/trump-surgeon-general-saphier-means-2fb65edf047650258d1a2b54617a10da,"President Trump on April 30, 2026, withdrew his nomination of Dr. Casey Means as surgeon general and announced he would nominate Dr. Nicole Saphier, a radiologist and longtime Fox News contributor, as his replacement — his third pick for the role. Means's nomination stalled after tense Senate confirmation hearings in which lawmakers from both parties questioned her credentials and her position on vaccines, making it clear she lacked the votes to advance out of the Senate Health, Education, Labor, and Pensions Committee. Saphier is the director of breast imaging at Memorial Sloan Kettering Monmouth and holds a medical degree from Ross University. Health Secretary Robert F. Kennedy Jr. endorsed the pick, calling her a ""long-time warrior for the MAHA movement,"" though some MAHA influencers are skeptical of her alignment with the agenda. Trump's first surgeon general nominee, Dr. Janette Nesheiwat, was also withdrawn after questions about her academic credentials.",KE,Yes
b031,business,www.cnbc.com,https://www.cnbc.com/2026/05/01/spirit-airlines-trump-bailout.html,"President Trump announced on May 1 that his administration had submitted a ""final"" bailout proposal to Spirit Airlines' bondholders, as the struggling budget carrier faces imminent liquidation. The government's offer — reportedly involving a $500 million loan that could give the federal government up to a 90% equity stake — had not yet produced a deal with creditors. Trump said he would only proceed ""if it's a good deal,"" comparing the potential intervention to the government's stake in Intel. Spirit, currently in its second Chapter 11 bankruptcy in under a year, has seen its finances further squeezed by the Iran war's spike in jet fuel prices. Critics from both parties questioned the use of taxpayer funds for a single failing carrier. United Airlines CEO Scott Kirby publicly opposed the bailout, arguing that Spirit's business model was fundamentally flawed even before the fuel crisis. If no deal is reached, Spirit could be forced to liquidate within days.",KE,Yes
b032,business,www.cnbc.com,https://www.cnbc.com/2026/05/01/trump-eu-auto-tariffs.html,"President Trump announced on May 1 via Truth Social that he would raise tariffs on European Union cars and trucks to 25% the following week, accusing the EU of failing to comply with a previously negotiated trade framework. The announcement came without specifying the legal authority for the increase. The Supreme Court struck down Trump's broad ""reciprocal"" IEEPA tariffs earlier in 2026, after which Trump imposed a 10% global tariff under Section 122 of the Trade Act, later raised to 15%. The EU had already been moving slowly on ratifying its trade deal with the U.S. and had warned the agreement could be at risk. The automakers most exposed to the new tariff would be Mercedes-Benz, BMW, and Volkswagen, which import a large share of U.S.-sold vehicles from European factories. The announcement threatened to further escalate already strained U.S.-EU trade relations.",KE,Yes
b033,business,www.cnbc.com,https://www.cnbc.com/2026/05/01/kentucky-derby-prediction-platforms.html,"Prediction market platforms like Kalshi and Polymarket will not offer contracts on the 2026 Kentucky Derby, and this article explains why. Under the Interstate Horseracing Act of 1978, offering wagers on horse races legally requires explicit permission from the host racetrack, the horsemen's association, and state racing regulators. Churchill Downs CEO Bill Carstanjen told CNBC the company has no interest in cutting such a deal with prediction platforms. Additionally, Kentucky lawmakers have proposed legislation that would ban gambling licensees from offering race predictions and imposed a 17.5% tax on prediction market fees. Traditional wagering through Churchill Downs is, meanwhile, pacing ahead of expectations going into Derby weekend. The article also notes that CNBC has a disclosed commercial relationship with Kalshi.",KE,Yes
b034,business,www.cnbc.com,https://www.cnbc.com/2026/05/01/apollo-sports-capital-tom-dundon-pickleball-investment.html,"Pickleball Inc. — the newly formed parent company of Major League Pickleball (MLP) and the PPA Tour — announced a landmark $225 million investment led by Apollo Sports Capital (an investment platform of Apollo Global Management) and Dundon Capital Partners, owned by NBA Trail Blazers and NHL Hurricanes owner Tom Dundon. The raise values Pickleball Inc. at $750 million and brings total investment in the company to $315 million. It creates what the company describes as the largest pickleball ecosystem in existence, spanning professional play, retail, technology, court construction, and media. Dundon and the Pardoe family remain majority shareholders. Pickleball has been the fastest-growing sport in the U.S. for five consecutive years, with 24 million players in 2025. The MLP and PPA Tour recorded combined revenue of $60 million in 2025 and are projecting $74 million in 2026.",KE,Yes
b035,business,www.cnbc.com,https://www.cnbc.com/2026/04/30/rivian-renegotiates-doe-loan-adjusts-capacity-plans-for-georgia-plant.html,"Rivian announced on April 30 that it has renegotiated its Department of Energy loan from the original $6.57 billion (negotiated under the Biden administration) down to $4.5 billion, while simultaneously increasing the planned initial production capacity of its under-construction Georgia factory from 200,000 to 300,000 vehicles annually. The amended deal covers one phase of production and allows Rivian to begin drawing on the loan sooner — as early as early 2027 — than previously expected. CEO RJ Scaringe told CNBC that any future expansion beyond 300,000 units would be funded by the company itself, leveraging capital from partnerships with Volkswagen and Uber. Production of the R2 midsize EV at the Georgia facility remains on track to begin in late 2028. The renegotiation reflects ongoing uncertainty in EV demand and the Trump administration's broader effort to scale back Biden-era clean energy loan commitments.",KE,Yes
b036,business,www.cnbc.com,https://www.cnbc.com/2026/04/30/eli-lilly-foundayo-prescriptions-20000-people-taking-drug-ricks-says.html,"Eli Lilly CEO Dave Ricks told CNBC on April 30 that more than 20,000 people have started taking Foundayo — the company's newly launched once-daily oral GLP-1 weight-loss pill — in the first few weeks since its April 9 launch, with over 1,000 new prescriptions being written daily. Crucially, more than 80% of Foundayo patients are new to GLP-1 medications entirely, suggesting the pill is expanding the obesity drug market rather than cannibalizing Lilly's injectable franchise. Ricks noted that Lilly has not yet begun full consumer advertising for the drug; that is planned for later in 2026. Early prescription volume had been lower than some analysts expected compared to the launch of Novo Nordisk's rival Wegovy pill, but Ricks said the comparison was unfair given that Foundayo is a completely new molecule building its brand from scratch. The disclosure came alongside Lilly's Q1 2026 earnings beat, with revenue of $19.8 billion — a 56% year-over-year increase — and raised full-year guidance of $82–$85 billion.",KE,Yes
b037,business,www.cnbc.com,https://www.cnbc.com/2026/04/30/ai-legal-advice-lawyers-risks.html,"A CNBC Inside Wealth report finds that lawyers serving high-net-worth clients are increasingly dealing with clients who have sought legal advice from AI chatbots like ChatGPT and Claude. Attorneys say this trend creates practical and legal headaches: AI-generated legal suggestions are often incorrect or irrelevant to the client's specific circumstances, leading to hours of billable time spent explaining why the AI was wrong. Robert Strauss of Weinstock Manion described clients uploading trust documents and returning with AI-generated edit suggestions — none of which had been actionable. More seriously, a recent court ruling found that communications with Claude about a legal matter were not protected by attorney-client privilege, since the user had voluntarily shared confidential information with a third party. The article notes that ""garbage in, garbage out"" is a persistent problem when clients query AI tools without the legal expertise to frame prompts correctly.",KE,Yes
b038,business,www.cnbc.com,https://www.cnbc.com/2026/04/30/hershey-gum-mints-ozempic-breath.html,"Hershey reported during its Q1 2026 earnings that sales of its Ice Breakers gum and mint brand rose more than 8% year-over-year, which CEO Kirk Tanner attributed to rising adoption of GLP-1 weight-loss drugs. The likely mechanism: a phenomenon known as ""Ozempic breath"" — a side effect of GLP-1 medications linked to dry mouth, dehydration, and altered digestion — is prompting users to reach for breath fresheners. While GLP-1 makers do not officially list bad breath as a side effect, medical experts link the drugs to dry mouth and halitosis. Protein bar sales at Hershey also jumped 17%, and GLP-1 users continue buying candy, particularly smaller-portion products. Separately, Lindt and Magnum Ice Cream have also reported that GLP-1 users favor premium, smaller-format confectionery — a trend analysts are calling the ""premium treat substitution effect."" Hershey's overall Q1 revenue rose more than 10%.",KE,Yes
b039,business,www.cnbc.com,https://www.cnbc.com/2026/04/29/chipotle-mexican-grill-cmg-q1-2026-earnings.html,"Chipotle Mexican Grill reported Q1 2026 results that beat Wall Street expectations, with comparable restaurant sales rising 0.5% — reversing a string of recent declines and surpassing analyst forecasts of a 0.7% drop. Total revenue grew 7.4% year-over-year to $3.09 billion, driven primarily by new restaurant openings and a return to positive transaction growth (+0.6%). Net income fell 22% year-over-year to $302.8 million due to higher beef and freight costs and legal expenses; adjusted EPS of $0.24 was in line with estimates. CEO Scott Boatwright credited the turnaround to menu innovation, expanded digital sales (38.6% of total), and a loyalty program that now accounts for 32% of sales. Chipotle maintained full-year guidance of roughly flat same-store sales with Q2 expected around +1%. Shares rose roughly 3% in after-hours trading.",KE,Yes
b040,business,www.cnbc.com,https://www.cnbc.com/2026/04/29/paypal-restructures-venmo-standalone-unit.html,"In an exclusive reported by CNBC, PayPal CEO Enrique Lores — who joined from HP in March — is restructuring the company into three separate business segments: a PayPal-branded consumer and merchant business, a standalone Venmo unit, and a payment services arm encompassing Braintree and crypto. Making Venmo a standalone segment gives PayPal greater transparency into its performance and could facilitate a potential sale, with Stripe among reported interested buyers. Venmo, with nearly 100 million users, is considered PayPal's most valuable standalone asset. Two senior executives are departing in the shake-up: Diego Scotti, who oversaw the consumer group that included Venmo, and Michelle Gill, who ran a small business unit being wound down. PayPal is also establishing an AI transformation group under Walmart tech veteran Anshu Bhardwaj. PayPal shares rose about 2.5% on the news.",KE,Yes
b041,business,www.cnbc.com,https://www.cnbc.com/2026/04/28/jetblue-fort-lauderdale-flights.html,"JetBlue Airways told investors on April 28 that it is pressing ahead with expansion at Fort Lauderdale-Hollywood International Airport — Spirit Airlines' longtime home hub — regardless of Spirit's uncertain fate. All of JetBlue's Q2 capacity growth is being directed to Fort Lauderdale, where the airline's market share has grown to over 20% as Spirit has cut capacity during bankruptcy. JetBlue CEO Joanna Geraghty said the airline is open to government fuel cost assistance ""if the terms make sense"" but is not banking on a Spirit collapse. The Association of Value Airlines separately sought $2.5 billion from the Trump administration for the sector-wide fuel cost spike tied to the Iran war. The article situates JetBlue's Fort Lauderdale push within the broader airline industry scramble to capture Spirit's market share amid a possible liquidation.",KE,Yes
b042,business,www.cnbc.com,https://www.cnbc.com/2026/04/28/gm-iran-war-vehicle-sales.html,"General Motors reported Q1 2026 earnings that beat expectations but raised only modest guidance, as the Iran war's impact on commodity and logistics costs prevented a larger upgrade. Average transaction prices held at $52,000 — in line with a year ago — as consumer demand for pricier trucks and SUVs remained resilient despite gasoline above $4 per gallon. CEO Mary Barra said the key variable is how long the conflict lasts and what further disruptions it causes. GM also diverted approximately 7,500 full-size SUVs — including Tahoes, Suburbans, and Escalades — originally destined for Middle Eastern markets back to North America. GM received a $500 million tariff refund from the administration's portal for duties struck down by the Supreme Court, which partially offset war-related cost pressures. CFO Paul Jacobson told CNBC that dealership traffic remained steady through March and April.",KE,Yes
b043,business,www.cnbc.com,https://www.cnbc.com/2026/04/28/resorts-world-casino-opens-in-new-york-city.html,"Resorts World New York City opened on April 28 as the first full-scale casino with live table games in New York City's history, following state gaming commission approval. Located in Ozone Park, Queens, adjacent to the Aqueduct Racetrack, the expanded facility features more than 240 table games — including blackjack, craps, baccarat, and roulette — and over 2,500 slot machines. Rapper Nas, a partner in the expansion, joined Genting Chairman Lim Kok Thay and Queens Borough President Donovan Richards for the ceremonial opening. The casino currently employs over 2,200 people and plans to grow to 2,700 by summer. It holds a temporary market monopoly; Hard Rock's Metropolitan Park near Citi Field and Bally's Bronx project are not expected to open until around 2030. Resorts World pays 63% state tax on slots revenue and 30% on table games, with provisions to lower those rates once competitors open.",KE,Yes
b044,business,abcnews.com,https://abcnews.com/Business/wireStory/superdry-cofounder-james-holder-convicted-rape-after-night-132566956,"James Holder, 54, co-founder of the UK fashion brand Superdry, was convicted on May 1 by a jury at Gloucester Crown Court of one count of rape stemming from a May 2022 incident in Cheltenham, England. He was acquitted of a separate charge of assault by penetration. The victim testified that Holder, who had been out drinking with colleagues, entered her taxi uninvited, accompanied her into her home, and assaulted her after waking from a nap — continuing despite her pleas to stop. Holder, a married father of two, denied all charges, claiming any sexual activity was consensual. He was jailed pending sentencing at Bristol Crown Court on May 7. Superdry, which Holder co-founded in 2003, was delisted from the London Stock Exchange in 2024 following a sales decline and has since rebranded as Superdry & Co.",KE,Yes
b045,business,abcnews.com,https://abcnews.com/Business/uber-rolls-new-travel-features-hotel-booking-eats/story?id=132465202,"At its annual GO-GET product showcase in New York City, Uber announced a major expansion into travel services, led by a new partnership with Expedia Group to offer hotel booking directly in the Uber app. Users can now access more than 700,000 hotels globally, with Uber One members receiving at least 20% discounts and 10% back in Uber credits. Additional features include an upgraded Travel Mode with curated dining and local recommendations; an in-car Uber Eats option for Uber Black rides; integration with OpenTable for restaurant reservations; and an AI-powered voice booking assistant. Vrbo vacation rentals will be added later in the year. Uber CEO Dara Khosrowshahi — a former Expedia CEO — positioned the partnership as a major step toward making Uber an ""everything app,"" noting that more than 100 million people use Uber to travel to or from an airport annually.",KE,Yes
b046,business,abcnews.com,https://abcnews.com/Business/stock-market-shrugging-off-iran-war-experts-explain/story?id=132450314,"Despite the Iran war triggering the worst oil supply shock in history and driving U.S. gasoline prices to four-year highs, the S&P 500 has climbed more than 3% since hostilities began on Feb. 28, with the tech-heavy Nasdaq up nearly 8%. This article from ABC News surveys analysts to explain the divergence. Key reasons cited include: robust corporate earnings across most sectors; a smaller-than-feared economic fallout from the Strait of Hormuz closure; strong tech spending; and ceasefire-driven optimism since April 7 that has pushed the S&P 500 up nearly 7%. Brent crude was trading around $119 a barrel at the time of publication, with the Strait still effectively closed. Analysts cautioned that the longer the war drags on and oil remains scarce, the greater the risk of a more severe market correction, particularly if supply disruptions begin materially hitting company earnings.",KE,Yes
b047,business,abcnews.com,https://abcnews.com/Business/fed-expected-hold-interest-rates-steady/story?id=132450311,"The Federal Reserve kept interest rates unchanged for a third consecutive meeting in 2026, maintaining the benchmark rate at 3.5–3.75%, as energy-driven inflation and war uncertainty complicate the path forward. The decision was nearly unanimous, with four total dissents — the most since 1992 — three of which objected to the retention of an easing bias in the policy statement. In a post-meeting press conference, Chair Jerome Powell confirmed it was his last as Fed chair and that he would remain on the Fed's board as a governor to monitor the resolution of a DOJ renovation probe. Earlier the same day, the Senate Banking Committee advanced Kevin Warsh's nomination as the next Fed chair in a party-line 8-4 vote, clearing the path to a full Senate confirmation vote. Powell congratulated Warsh and pledged to keep a ""low profile"" as a governor, insisting he did not intend to be a ""shadow chair"" or undermine his successor.",KE,Yes
b048,business,abcnews.com,https://abcnews.com/Business/fed-chair-nominee-kevin-warsh-advances-senate-confirmation/story?id=132490998,"Kevin Warsh's nomination to lead the Federal Reserve cleared the Senate Banking Committee in a party-line 8-4 vote on April 29, setting the stage for a confirmation vote in the full Republican-controlled Senate. The path was cleared after the DOJ dropped a criminal investigation into current Chair Jerome Powell, removing the objection that had threatened to hold up the nomination by Sen. Thom Tillis. Warsh, a former Fed governor and Hoover Institution fellow, has called for ""regime change"" at the Fed — meaning a rethinking of inflation measurement, forward guidance, and communications policy, not personnel firings. He has expressed openness to rate cuts, citing AI-driven productivity gains, but denied making promises to Trump. Democrats on the committee accused Warsh of being a political actor, with Sen. Elizabeth Warren calling him a ""sock puppet"" for the president. Warsh is expected to be confirmed before Powell's term as chair ends on May 15.",KE,Yes
b049,business,abcnews.com,https://abcnews.com/Business/us-gasoline-prices-hit-highest-level-4-years/story?id=132459162,"U.S. average gasoline prices reached $4.30 per gallon — their highest level since 2022 — driven by the Iran war's disruption of Strait of Hormuz oil transit, which the International Energy Agency called the ""largest oil supply disruption in history."" The article covers the national impact on consumers and businesses, noting that energy prices rose 10.9% in March and are complicating the Fed's inflation outlook. California prices were significantly above the national average. The spike is straining household budgets and squeezing businesses that depend on transportation and logistics. The article notes that prolonged supply disruption could risk recession territory, and quotes economists who are divided on how long the oil shock will persist. The ongoing U.S. naval blockade of Iranian ports has further tightened global supply beyond the initial Strait disruption.",KE,Yes
b050,business,abcnews.com,https://abcnews.com/Business/united-arab-emirates-leave-opec/story?id=132450800,"The United Arab Emirates announced its withdrawal from OPEC, effective May 1, 2026 — the most significant departure from the oil cartel since Qatar's exit in 2019. The UAE, previously OPEC's third-largest producer after Saudi Arabia and Iraq, cited national interest and its goal of boosting production capacity to 5 million barrels per day by 2027, a target constrained by OPEC's production quotas. The decision also came amid deep frustration over Iran's attacks on UAE territory and shipping during the war. The UAE's energy minister said the move was timed to minimize disruption to the group and fellow members. Analysts see the departure as both a commercial move — to maximize revenue as the UAE prepares for a post-fossil-fuel era — and a geopolitical signal, aligning the UAE more closely with the U.S. and Israel following the Abraham Accords.",KE,Yes
b051,business,abcnews.com,https://abcnews.com/Business/general-motors-expects-500-million-tariff-refund-after/story?id=132447958,"General Motors disclosed on its Q1 2026 earnings call that it expects to receive approximately $500 million in tariff refunds following the Supreme Court's ruling striking down Trump's broad reciprocal IEEPA tariffs. The Trump administration opened an online portal for importers to apply for the $166 billion in total refunds owed, plus interest. For GM, the refund partially offsets rising costs linked to the Iran war — including higher commodity prices, logistics expenses, and a diversion of 7,500 SUVs from Middle East markets. The company raised its 2026 earnings guidance modestly but said the war prevents a more aggressive upgrade. CEO Mary Barra noted that consumer demand for high-priced trucks and SUVs has remained resilient despite elevated gas prices, with an average transaction price of $52,000.",KE,Yes
b052,business,abcnews.com,https://abcnews.com/Business/shoppers-receive-savings-tariff-refunds-experts-explain/story?id=132342919,"Following the Supreme Court's invalidation of Trump's sweeping IEEPA tariffs, the Trump administration opened a portal through which importers — who actually paid the tariffs — can apply for $166 billion in refunds. This article examines whether consumers who bore a share of these costs through higher prices will see any direct benefit. The answer, analysts told ABC News, is: probably not much. Because refunds go to importers rather than end consumers, and companies rarely pass savings through to shoppers in the same way they pass costs through, the average American household that paid an estimated $1,000–$1,680 in higher prices due to tariffs is unlikely to be directly reimbursed. Some companies may absorb refunds into margins or offer modest price reductions, but there is no mechanism for systematic consumer repayment. The article also notes that consumers have no basis to file direct claims with the government.",KE,Yes
b053,business,abcnews.com,https://abcnews.com/Business/standoff-strait-hormuz-trigger-global-recession-economists-weigh/story?id=132270330,"This ABC News analysis surveys leading economists on whether the ongoing closure of the Strait of Hormuz — through which about one-fifth of global oil supply normally flows — could push the world into recession. Economists were divided. The IMF and OECD maintained relatively optimistic baseline forecasts of 3.1% and 2.9% GDP growth for 2026, respectively, but both acknowledged their projections assumed a resolution by mid-year. Oxford Economics' chief global economist Ryan Sweet said a protracted closure of three or more months could trigger a global recession; Oxford separately warned that a six-month impasse could push global oil prices to $190 a barrel and global inflation to 7.7%. Paul Krugman called the IMF ""seriously underestimating"" the risk. Other economists argued that energy-sector resilience and continued consumer spending make a full recession less likely unless the crisis extends well into 2027.",KE,Yes
b054,business,abcnews.com,https://abcnews.com/Business/warner-bros-discovery-shareholders-approve-paramount-takeover/story?id=132314823,"An ABC News piece examining the power struggle surrounding Trump's push to install Kevin Warsh as the next Fed chair. The article traces how Trump's public demands for rate cuts — including a social media post saying anyone who disagrees with him ""will never be the Fed chairman"" — collided with Fed Chair Powell's insistence on institutional independence. Sen. Thom Tillis temporarily threatened to block the Warsh nomination unless the DOJ dropped its probe into Powell. The article also examines how the Iran war has complicated the rate-cut calculus: with energy prices driving inflation above the Fed's 2% target, even Warsh-aligned officials have been reluctant to signal imminent easing. The piece contextualizes the political tension as part of a broader Trump effort to reshape institutions, including the Fed.",KE,Yes
b055,business,abcnews.com,https://abcnews.com/Business/standoff-trumps-fed-chair-nominee-interest-rates/story?id=132200231,"Kevin Warsh faced sharp questioning at his Senate Banking Committee confirmation hearing, where he sought to reassure skeptics that he would maintain Fed independence even as Trump demands lower interest rates. Warsh said Trump never asked him to commit to rate cuts and that he views monetary policy independence as ""essential."" He called for a ""regime change"" in how the Fed measures and communicates inflation, criticized the use of forward guidance and the dot plot as a policy tool, and pledged to reform the Fed's 12 regional reserve banks. On his political positioning, Sen. Elizabeth Warren called him a ""sock puppet,"" but some moderate Democrats offered cautious praise. Warsh also faced questions about his personal wealth and potential conflicts of interest. Sen. Tillis said he supported Warsh in principle but would not vote to advance the nomination until the DOJ probe into Powell was resolved.",KE,Yes
b056,business,abcnews.com,https://abcnews.com/Business/trumps-federal-reserve-chair-nominee-kevin-warsh-testify/story?id=132215744,"On a day when the U.S.-Iran ceasefire was set to expire the following day, stocks closed marginally lower and oil prices jumped as market anxiety mounted over prospects for a second round of peace talks. The Dow fell 4 points, the S&P 500 dipped 0.2%, and the Nasdaq fell 0.2%. Iran's foreign ministry said Tehran had not yet decided on further negotiations, even as U.S. Marines seized an Iranian-flagged vessel in the Gulf of Oman. WTI crude climbed more than 5%, to around $88 a barrel. The article situates the market action within the broader tension: the ""most severe oil supply shock in history"" (per the IEA) caused by Iran's Strait of Hormuz closure, with Americans already paying above $4 per gallon for gasoline and economists increasingly warning of recession risk if the conflict extends.",KE,Yes
b057,business,abcnews.com,https://abcnews.com/Business/stocks-tumble-oil-prices-rise-us-iran-ceasefire/story?id=132200222,"Markets surged on April 18 after Iranian Foreign Minister Abbas Araghchi declared on social media that the Strait of Hormuz would be ""completely open"" for commercial shipping during the ceasefire period following Israel and Lebanon agreeing to their own 10-day ceasefire. Trump confirmed the strait's reopening on Truth Social. The Dow jumped 869 points (+1.7%), the S&P 500 gained 1.2%, and the Nasdaq rose 1.5%. WTI crude plunged more than 10% to around $84 a barrel — its lowest since mid-March. The rally fully recouped the Dow's losses since the war began. Still, analysts cautioned that U.S. oil prices remained more than 30% above pre-war levels, the naval blockade remained in place, and infrastructure damage meant a full recovery in energy markets would take time.",KE,Yes
b058,business,abcnews.com,https://abcnews.com/Business/stocks-surge-oil-prices-plunge-after-iran-strait/story?id=132135940,"A feature interview with Casey Currie, the 2020 Dakar Rally champion and professional off-road racer, conducted ahead of his participation in the Norra 1000 rally in Mexico. Currie discusses driving the Jeep Wrangler Striker concept — a 700-horsepower custom build with 30 inches of rear wheel travel and independent front suspension — designed to hit over 100 mph and handle 200-to-300-foot whoops. He talks about his career trajectory from mechanic to Dakar winner, the differences between rally racing events, near-accidents in competition, and advice for aspiring off-road drivers. Currie also shares his personal goals, including a road trip across the U.S. with his family and plans to race at Crandon and the Norra 500. The piece is part of ABC's occasional series on niche sports and competitive pursuits.",KE,Yes
b059,business,abcnews.com,https://abcnews.com/Business/beast-off-road-racer-casey-currie-built-700/story?id=132060952,An early ABC News analysis of how the U.S. naval blockade of Iranian ports — imposed after ceasefire talks in Islamabad failed — is amplifying the global oil and gasoline price crisis. The blockade prevents Iranian crude from reaching the market while simultaneously exacerbating the global supply shortfall already caused by Iran's effective closure of the Strait of Hormuz. The article details the economic mechanics: the IEA called the combined disruption the worst oil supply shock in history; Brent crude was trading near $100 at the time of publication; U.S. average gasoline prices had climbed sharply; and a range of industries relying on petroleum-derived products were facing cascading cost increases. The piece surveys economists who were debating whether the blockade would ultimately succeed in pressuring Iran toward a deal faster than it would harm global economic stability.,KE,Yes
b060,business,abcnews.com,https://abcnews.com/Business/us-blockade-iran-shipping-gas-prices/story?id=131988004,"Warner Bros. Discovery shareholders voted overwhelmingly at a special meeting on April 23 to approve the company's $111 billion acquisition by Paramount Skydance Corporation — a pivotal milestone in what would be one of the largest media mergers in history. The deal, valued at $31 per WBD share, would bring HBO, CNN, Warner Bros., and other WBD properties under the Paramount umbrella led by CEO David Ellison. Shareholders notably rejected, in a non-binding advisory vote, the executive compensation packages tied to the merger. Paramount now needs to secure remaining regulatory approvals — primarily in Europe — before the transaction can close, which company executives expect by Q3 2026. The merger represents a major consolidation of legacy Hollywood studios in response to competition from Netflix and tech giants like Amazon and Apple.",KE,Yes